comentario,comentario_procesado,intencion,confianza_intencion,departamento,metodo_departamento
Funcionan bien las computadoras solo falta que la red este un poco mejor.,funcionan bien las computadoras solo falta que la red este un poco mejor,felicitaci칩n,0.5541654018159471,Unidad de Inform치tica,keywords
Las computadoras est치n muy lentas y ni siquiera est치n conectadas a un Internet estable.,las computadoras est치n muy lentas y ni siquiera est치n conectadas a un internet estable,queja,0.5246688709723304,Unidad de Inform치tica,keywords
El laboratorio esta en excelentes condiciones ,el laboratorio esta en excelentes condiciones,felicitaci칩n,0.42714561177051696,Unidad de Inform치tica,setfit
Que no sean tan ap치ticos ,que no sean tan ap치ticos,sugerencia,0.4886468531482125,Evaluaci칩n y Seguimiento Acad칠mico,setfit
Las computadoras van lentas,las computadoras van lentas,queja,0.3846736621393657,Unidad de Inform치tica,setfit
 Que casi ning칰n equipo se puede prender ,que casi ning칰n equipo se puede prender,sugerencia,0.5344991264888346,Actividades Culturales y/o Deportivas,setfit
Tener m치s contactos de luz para poder conectar en caso de traer lap,tener m치s contactos de luz para poder conectar en caso de traer lap,sugerencia,0.6172643337357495,Subdirecci칩n Administrativa,keywords
Se agradece el uso de azure,se agradece el uso de azure,felicitaci칩n,0.5062767644789654,Extensi칩n y Apoyos Educativos,setfit
Agregar lector de disco ,agregar lector de disco,sugerencia,0.5976160097145378,Recursos Financieros,setfit
Verificar que el disco duro siempre est치 al 100%,verificar que el disco duro siempre est치 al 100,sugerencia,0.42551148191679655,Unidad de Inform치tica,setfit
Me agradaron las computadora ,me agradaron las computadora,felicitaci칩n,0.43632756484712226,Unidad de Inform치tica,keywords
No hay quemador de discos y se requiere para grabar la informaci칩n en los discos que solicita la CATT para TT2,no hay quemador de discos y se requiere para grabar la informaci칩n en los discos que solicita la catt para tt2,queja,0.6053137266139633,Unidad de Inform치tica,setfit
La m치quina no ten칤a internet,la m치quina no ten칤a internet,queja,0.3790467513822866,Unidad de Inform치tica,keywords
Simplemente que en el futuro puedan haber m치s m치quinas con conexi칩n de Internet. ,simplemente que en el futuro puedan haber m치s m치quinas con conexi칩n de internet,sugerencia,0.5813137948522182,Unidad de Inform치tica,keywords
Que en el futuro haya m치s ordenadores con conexi칩n de Internet ,que en el futuro haya m치s ordenadores con conexi칩n de internet,sugerencia,0.6336664599040623,Unidad de Inform치tica,keywords
Que quiz치 en el futuro puedan haber m치s m치quinas con conexi칩n de Internet. Quiz치 tambi칠n que se vigile que no vuelvan a robar equipo de c칩mputo. ,que quiz치 en el futuro puedan haber m치s m치quinas con conexi칩n de internet quiz치 tambi칠n que se vigile que no vuelvan a robar equipo de c칩mputo,sugerencia,0.5998997039132213,Unidad de Inform치tica,keywords
Algunas no tienen internet,algunas no tienen internet,sugerencia,0.49090076224715784,Unidad de Inform치tica,keywords
"La mayor칤a del personal, no todos, pareciera que te hacen un favor cuando solicitas informacion ya sea en ventanilla o por v칤a telefonica. En mas de una ocasion se han limitado a decirme que la informacion se encuentra en la pagina, sin embargo, a veces he encontrado url a formularios vencidos o con informacion de semestres anteriores.",la mayor칤a del personal no todos pareciera que te hacen un favor cuando solicitas informacion ya sea en ventanilla o por v칤a telefonica en mas de una ocasion se han limitado a decirme que la informacion se encuentra en la pagina sin embargo a veces he encontrado url a formularios vencidos o con informacion de semestres anteriores,queja,0.6511174312348382,Unidad Polit칠cnica de Integraci칩n Social,setfit
"Buen d칤a me gustar칤a saber d칩nde puedo comunicarme con ustedes para poder postularme en ser catedr치tico soy experto en el 치rea de an치lisis y vizualizadores de datos por m치s de 5 a침os dentro del mundo corporativo en las m치s importantes empresas de retrail como dando cursos nacional como internacional y busco mucho seguir compartiendo mi conocimientos
Qued칩 atento a su respuesta
Saludos ",buen d칤a me gustar칤a saber d칩nde puedo comunicarme con ustedes para poder postularme en ser catedr치tico soy experto en el 치rea de an치lisis y vizualizadores de datos por m치s de 5 a침os dentro del mundo corporativo en las m치s importantes empresas de retrail como dando cursos nacional como internacional y busco mucho seguir compartiendo mi conocimientos qued칩 atento a su respuesta saludos,sugerencia,0.4917634444800921,Subdirecci칩n Acad칠mica,setfit
Pongan internet a las dem치s computadoras ,pongan internet a las dem치s computadoras,sugerencia,0.5705930627624755,Unidad de Inform치tica,keywords
Ojal치 todas tuvieran internet y no tuvi칠ramos que esperar hasta que se desocupen ,ojal치 todas tuvieran internet y no tuvi칠ramos que esperar hasta que se desocupen,sugerencia,0.48807763906438617,Unidad de Inform치tica,keywords
Que en el futuro en lo m치s posible pueda aumentar el n칰mero de computadoras con conexi칩n de Internet. ,que en el futuro en lo m치s posible pueda aumentar el n칰mero de computadoras con conexi칩n de internet,sugerencia,0.5971325819096502,Unidad de Inform치tica,keywords
En la mayor칤a de computadoras no hay Internet ,en la mayor칤a de computadoras no hay internet,queja,0.6636854013003369,Unidad de Inform치tica,keywords
"Le hace falta internet a las compus, as칤 como alguno que otro programa necesario ",le hace falta internet a las compus as칤 como alguno que otro programa necesario,sugerencia,0.6179811311760521,Unidad de Inform치tica,keywords
No todas las m치quinas tienen internet ,no todas las m치quinas tienen internet,queja,0.4647592237265488,Unidad de Inform치tica,keywords
N췈 hab칤a Internet en las maquinas ,n췈 hab칤a internet en las maquinas,sugerencia,0.5096561531266948,Unidad de Inform치tica,keywords
Pongan internet a las ptras m치quinas,pongan internet a las ptras m치quinas,sugerencia,0.6405949333718697,Unidad de Inform치tica,keywords
Dan un buen servicio ,dan un buen servicio,felicitaci칩n,0.6803646146441553,Recursos Financieros,setfit
No hay internet ,no hay internet,queja,0.6179876867119475,Unidad de Inform치tica,keywords
No ten칤an internet ,no ten칤an internet,sugerencia,0.5869887130532666,Unidad de Inform치tica,keywords
No hay internet ,no hay internet,queja,0.6179876867119475,Unidad de Inform치tica,keywords
La atenci칩n fue buena,la atenci칩n fue buena,queja,0.4190644099241556,Evaluaci칩n y Seguimiento Acad칠mico,setfit
No hay internet en todas las m치quinas ,no hay internet en todas las m치quinas,queja,0.4257037934294739,Unidad de Inform치tica,keywords
El internet en las computadoras.,el internet en las computadoras,sugerencia,0.515263704175583,Unidad de Inform치tica,keywords
Falta internet en las compus ,falta internet en las compus,sugerencia,0.7031378435660696,Unidad de Inform치tica,keywords
Algunas computadoras no tienen internet o no prenden ,algunas computadoras no tienen internet o no prenden,sugerencia,0.5182832722806402,Unidad de Inform치tica,keywords
Felicitacion. Muy limpio,felicitacion muy limpio,felicitaci칩n,0.6654211373182805,Coordinaci칩n de Enlace y Gesti칩n T칠cnica,setfit
Use una computadora con internet,use una computadora con internet,queja,0.37087329777217715,Unidad de Inform치tica,keywords
Ninguna queja en absoluto. Todo fue fluido.,ninguna queja en absoluto todo fue fluido,felicitaci칩n,0.554943222214023,Coordinaci칩n de Enlace y Gesti칩n T칠cnica,setfit
Ya es cansado hacer todo esto,ya es cansado hacer todo esto,queja,0.4778956936452942,Gesti칩n Escolar,setfit
Mejor gesti칩n en los cables de internet y su repartici칩n ,mejor gesti칩n en los cables de internet y su repartici칩n,sugerencia,0.6143117295911851,Unidad de Inform치tica,keywords
Mejor gesti칩n de internet ya que algunos equipos no cuentan con el mismo,mejor gesti칩n de internet ya que algunos equipos no cuentan con el mismo,queja,0.3700546625626841,Unidad de Inform치tica,keywords
no hab칤a internet ,no hab칤a internet,queja,0.5139926565798507,Unidad de Inform치tica,keywords
Muy buena compu 游녧 ,muy buena compu,felicitaci칩n,0.7415961273033688,Innovaci칩n Educativa,setfit
Deber칤an de conectar todas las computadoras a internet ,deber칤an de conectar todas las computadoras a internet,felicitaci칩n,0.4524582825574212,Unidad de Inform치tica,keywords
Mas internet en las compus,mas internet en las compus,sugerencia,0.6903018170407039,Unidad de Inform치tica,keywords
Mala internet nefasto ,mala internet nefasto,queja,0.5044632633421765,Unidad de Inform치tica,keywords
"Felicidades, al final arreglaron las compis sin internet ",felicidades al final arreglaron las compis sin internet,felicitaci칩n,0.4405692882734596,Unidad de Inform치tica,keywords
No ten칤a Internet la computadora ,no ten칤a internet la computadora,queja,0.4940685571667778,Unidad de Inform치tica,keywords
Las computadoras no ten칤an internet pero no fue buen servicio ,las computadoras no ten칤an internet pero no fue buen servicio,sugerencia,0.5081112122116944,Unidad de Inform치tica,keywords
El internet es un poco malo ,el internet es un poco malo,felicitaci칩n,0.5081452140584548,Unidad de Inform치tica,keywords
Fijarse en el internet y la distribuci칩n de cables ethernet ,fijarse en el internet y la distribuci칩n de cables ethernet,sugerencia,0.6402634683067577,Unidad de Inform치tica,keywords
No hay internet en algunas m치quinas ,no hay internet en algunas m치quinas,sugerencia,0.5910821910708265,Unidad de Inform치tica,keywords
Me gust칩 los equipos ,me gust칩 los equipos,felicitaci칩n,0.41998482486193994,Actividades Culturales y/o Deportivas,setfit
El chico siempre pide llenar la encuesta y me quita tiempo.,el chico siempre pide llenar la encuesta y me quita tiempo,queja,0.49134622234940395,Evaluaci칩n y Seguimiento Acad칠mico,setfit
"Ninguna, todo bien ",ninguna todo bien,felicitaci칩n,0.7380031726702423,Innovaci칩n Educativa,setfit
La persona que estaba en ventanilla el dia 3 de septiembre a las 1:20 contesto de manera prepotente y despota sobre la informaci칩n de un tramite,la persona que estaba en ventanilla el dia 3 de septiembre a las 120 contesto de manera prepotente y despota sobre la informaci칩n de un tramite,queja,0.3952504054205998,Extensi칩n y Apoyos Educativos,setfit
Las computadoras no tienen internet y se tarda en buscar una con internet ,las computadoras no tienen internet y se tarda en buscar una con internet,queja,0.5555078716480223,Unidad de Inform치tica,keywords
No hab칤a internet en las m치quinas.,no hab칤a internet en las m치quinas,sugerencia,0.5274166261472781,Unidad de Inform치tica,keywords
Son muy amables y atentos ,son muy amables y atentos,felicitaci칩n,0.5233516651532217,Evaluaci칩n y Seguimiento Acad칠mico,setfit
Tener cables de red ethernet disponibles para laptops,tener cables de red ethernet disponibles para laptops,sugerencia,0.5745976114656581,Unidad de Inform치tica,keywords
De momento nada,de momento nada,felicitaci칩n,0.4712311739045631,Gesti칩n Escolar,setfit
NO HAB칈A INTERNET ,no hab칤a internet,queja,0.5139926565798507,Unidad de Inform치tica,keywords
no hab칤a internet en las computadoras ,no hab칤a internet en las computadoras,sugerencia,0.4415906973276874,Unidad de Inform치tica,keywords
"Me explicaron que al pedir el auditorio de ESCOM, se ten칤a que pedir grupo a la subdirecci칩n acad칠mica. Siempre dicen que andan ocupados y cuando dices que no hay problema, que esperas, te miran mal. Ya cuando ven que te esperas te ven con una cara de asco y ya te hacen pasar y te atienden de mala gana. Te hablan altaneramente y te ningunean. Ni siquiera dejan explicar bien la situaci칩n porque te est치n rega침ando como si fuera tu culpa ir all칤. Encima denigran tu espacio en el auditorio como si lo que fueras hacer no vale nada como incit치ndote a cancelarla.",me explicaron que al pedir el auditorio de escom se ten칤a que pedir grupo a la subdirecci칩n acad칠mica siempre dicen que andan ocupados y cuando dices que no hay problema que esperas te miran mal ya cuando ven que te esperas te ven con una cara de asco y ya te hacen pasar y te atienden de mala gana te hablan altaneramente y te ningunean ni siquiera dejan explicar bien la situaci칩n porque te est치n rega침ando como si fuera tu culpa ir all칤 encima denigran tu espacio en el auditorio como si lo que fueras hacer no vale nada como incit치ndote a cancelarla,queja,0.696094088370617,Subdirecci칩n Acad칠mica,setfit
Internet no funciona ,internet no funciona,sugerencia,0.5296178637595899,Unidad de Inform치tica,keywords
No tiene internet ,no tiene internet,queja,0.5577246324586824,Unidad de Inform치tica,keywords
No hay internet en algunas m치quinas ,no hay internet en algunas m치quinas,sugerencia,0.5910821910708265,Unidad de Inform치tica,keywords
Las m치quinas est치n algo lentas ,las m치quinas est치n algo lentas,sugerencia,0.483278314106335,Unidad de Inform치tica,setfit
El equipo funciono bien,el equipo funciono bien,felicitaci칩n,0.6819883375112793,Actividades Culturales y/o Deportivas,setfit
Me solicitaron llenar el formulario,me solicitaron llenar el formulario,sugerencia,0.36774346198711916,Innovaci칩n Educativa,setfit
"Buen equipo de c칩mputo, buena atenci칩n acad칠mica ",buen equipo de c칩mputo buena atenci칩n acad칠mica,felicitaci칩n,0.600426841600962,Evaluaci칩n y Seguimiento Acad칠mico,setfit
Muy bien equipo ,muy bien equipo,felicitaci칩n,0.7227376047345607,Actividades Culturales y/o Deportivas,setfit
Sugiero poder conectar el Ethernet a nuestro equipo para poder hacer uso del internet y del monitor,sugiero poder conectar el ethernet a nuestro equipo para poder hacer uso del internet y del monitor,sugerencia,0.3780985500565265,Unidad de Inform치tica,keywords
"Las m치quinas no se pueden usar para hacer tareas en horas libres, no dejan programas ni tienen ning칰n programa o IDE para poder hacer pr치cticas ",las m치quinas no se pueden usar para hacer tareas en horas libres no dejan programas ni tienen ning칰n programa o ide para poder hacer pr치cticas,queja,0.660184654793942,Unidad de Inform치tica,setfit
Muy buen servicio ,muy buen servicio,felicitaci칩n,0.7899882319447568,Gesti칩n Escolar,setfit
"Acud칤 a ventanilla de servicios escolares a resolver una duda acerca de mi proceso de reinscripci칩n. Sin embargo, la persona que me atendi칩 se encontraba revisando su celular, mientras me atend칤a de malas segu칤a utilizando su celular.
No considero apropiada esta conducta, pues ni siquiera parec칤a interesarle lo que le comentaba. ",acud칤 a ventanilla de servicios escolares a resolver una duda acerca de mi proceso de reinscripci칩n sin embargo la persona que me atendi칩 se encontraba revisando su celular mientras me atend칤a de malas segu칤a utilizando su celular no considero apropiada esta conducta pues ni siquiera parec칤a interesarle lo que le comentaba,queja,0.6410673627687692,Gesti칩n Escolar,keywords
muy buena la m치quina pero un poco lentos los teclados ya que se les atoraban las teclas ,muy buena la m치quina pero un poco lentos los teclados ya que se les atoraban las teclas,felicitaci칩n,0.4961553251283015,Unidad de Inform치tica,setfit
"todo bien, mejorar velocidad de internet ",todo bien mejorar velocidad de internet,felicitaci칩n,0.5741331425442964,Unidad de Inform치tica,keywords
Gracias por prestar el servicio,gracias por prestar el servicio,felicitaci칩n,0.5862169908139657,Gesti칩n Escolar,setfit
Simplemente necesitaba una respuesta que no durar칤a ni 5 minutos y obviamente si hay un horario pero no costaba nada y si se hace un tr치mite obviamente es en horario,simplemente necesitaba una respuesta que no durar칤a ni 5 minutos y obviamente si hay un horario pero no costaba nada y si se hace un tr치mite obviamente es en horario,queja,0.626561833908611,Subdirecci칩n Acad칠mica,keywords
Todo bien por el momento ,todo bien por el momento,felicitaci칩n,0.7545484902616283,Gesti칩n Escolar,setfit
"Buen servicio, 10/10",buen servicio 1010,felicitaci칩n,0.7173543989041685,Unidad de Inform치tica,setfit
El internet intermitente no me permiti칩 hacer mi trabajo,el internet intermitente no me permiti칩 hacer mi trabajo,queja,0.3851021934298182,Unidad de Inform치tica,keywords
Felicitaci칩n por la gesti칩n de los equipos. El semestre pasado se encontraban descuidado y con m치ximo privilegios. Hoy ya se encuentran en mejor estado y cosas como la deshabilitaci칩n de CMD se felicita.,felicitaci칩n por la gesti칩n de los equipos el semestre pasado se encontraban descuidado y con m치ximo privilegios hoy ya se encuentran en mejor estado y cosas como la deshabilitaci칩n de cmd se felicita,felicitaci칩n,0.4754681588715911,Actividades Culturales y/o Deportivas,setfit
Se necesita mejorar el internet ,se necesita mejorar el internet,sugerencia,0.48344176376968023,Unidad de Inform치tica,keywords
muy bien servicio ,muy bien servicio,felicitaci칩n,0.7194709840119616,Innovaci칩n Educativa,setfit
"Ninguna queja, buena atenci칩n y el equipo en un inicio mostraba complicaciones con Word pero despu칠s funcion칩 correctamente ",ninguna queja buena atenci칩n y el equipo en un inicio mostraba complicaciones con word pero despu칠s funcion칩 correctamente,felicitaci칩n,0.6446586046208271,Actividades Culturales y/o Deportivas,setfit
Facilidad de uso,facilidad de uso,felicitaci칩n,0.5444138901700106,Innovaci칩n Educativa,setfit
El mousse de la m치quina 2 presenta problemas en el click izquierdo,el mousse de la m치quina 2 presenta problemas en el click izquierdo,sugerencia,0.5854168495679899,Unidad de Inform치tica,setfit
"Hoy, 7 de marzo, pusieron un aviso de que la biblioteca estar칤a cerrada de 2pm a 4pm. Ya son las 4:15 y a칰n no han abierto. Quiero revisar un asunto de urgencia del SAES. ",hoy 7 de marzo pusieron un aviso de que la biblioteca estar칤a cerrada de 2pm a 4pm ya son las 415 y a칰n no han abierto quiero revisar un asunto de urgencia del saes,queja,0.556994083701215,Recursos Materiales y Servicios Generales,setfit
La m치quina dos le falla el click izquierdo al mouse lo cual complica un poco su uso,la m치quina dos le falla el click izquierdo al mouse lo cual complica un poco su uso,sugerencia,0.45367548390169865,Unidad de Inform치tica,setfit
"No tiene internet, posiblemente el cable est칠 trozado ya que cambie el de la 31 a la 32 y agarro el internet ",no tiene internet posiblemente el cable est칠 trozado ya que cambie el de la 31 a la 32 y agarro el internet,queja,0.5239069108897211,Unidad de Inform치tica,keywords
Estar칤a bien poner Linux y Windows en todas las compus,estar칤a bien poner linux y windows en todas las compus,sugerencia,0.5063706696246165,Unidad de Inform치tica,setfit
"El servicio se llevo correctamente
Como unico problema mencionaria que las aplicaciones de adobe e internet explorer se quedaron congeladas y fui capaz de cerrarlas Al estar bloqueado El administrador de tareas",el servicio se llevo correctamente como unico problema mencionaria que las aplicaciones de adobe e internet explorer se quedaron congeladas y fui capaz de cerrarlas al estar bloqueado el administrador de tareas,queja,0.47412063896383927,Unidad de Inform치tica,keywords
Felicitaci칩n por el uso del equipo ,felicitaci칩n por el uso del equipo,felicitaci칩n,0.703501512018086,Actividades Culturales y/o Deportivas,setfit
Buenos equipos de c칩mputo ,buenos equipos de c칩mputo,felicitaci칩n,0.5080814592162465,Actividades Culturales y/o Deportivas,setfit
Todo muy bien,todo muy bien,felicitaci칩n,0.6964276169062765,Coordinaci칩n de Enlace y Gesti칩n T칠cnica,setfit
"Muy bien equipo, internet y cuenta con los programas que necesito",muy bien equipo internet y cuenta con los programas que necesito,felicitaci칩n,0.6002270153015838,Unidad de Inform치tica,keywords
No tienen Ubuntu.,no tienen ubuntu,sugerencia,0.5173495667745179,Unidad de Inform치tica,setfit
Muy buen servicio ,muy buen servicio,felicitaci칩n,0.7899882319447568,Gesti칩n Escolar,setfit
Felicitaci칩n por mantener los equipos en buen estado,felicitaci칩n por mantener los equipos en buen estado,felicitaci칩n,0.7002160554724053,Actividades Culturales y/o Deportivas,setfit
"Me gust칩, las computadoras est치n bien, los perif칠ricos pero el Mouse a veces falla de la ruedita ",me gust칩 las computadoras est치n bien los perif칠ricos pero el mouse a veces falla de la ruedita,sugerencia,0.5107134356817139,Unidad de Inform치tica,setfit
El servicio estuvo bien,el servicio estuvo bien,felicitaci칩n,0.6385943190661946,Innovaci칩n Educativa,setfit
Ha mejorado el rendimiento de m치s computadoras,ha mejorado el rendimiento de m치s computadoras,sugerencia,0.43459964867318973,Unidad de Inform치tica,setfit
"El tr치mite fue sencillo, me atendieron con una buena actitud y muy comprensivos y directos, totalmente satisfecho por la ayuda otorgada ya que me han ayudado a otorgar soluciones de acuerdo a mi situaci칩n.",el tr치mite fue sencillo me atendieron con una buena actitud y muy comprensivos y directos totalmente satisfecho por la ayuda otorgada ya que me han ayudado a otorgar soluciones de acuerdo a mi situaci칩n,felicitaci칩n,0.4771531942264814,Extensi칩n y Apoyos Educativos,setfit
Muy buen servicio,muy buen servicio,felicitaci칩n,0.7899882319447568,Gesti칩n Escolar,setfit
"La mayor칤a de los horarios y d칤as sobre las actividades deportivas est치n mal 
",la mayor칤a de los horarios y d칤as sobre las actividades deportivas est치n mal,queja,0.5878388422284526,Actividades Culturales y/o Deportivas,setfit
Buenas maquinas y conexion a internet ,buenas maquinas y conexion a internet,felicitaci칩n,0.46228478420163993,Unidad de Inform치tica,keywords
Se me atendi칩 de la mejor manera ,se me atendi칩 de la mejor manera,felicitaci칩n,0.3687644784029435,Innovaci칩n Educativa,setfit
Agregar m치s programas ,agregar m치s programas,sugerencia,0.5522767233059913,Tecnolog칤a Educativa y Campus Virtual,setfit
"Felicitacion, atienden bien ",felicitacion atienden bien,felicitaci칩n,0.6748310106141467,Extensi칩n y Apoyos Educativos,setfit
Muy buena atenci칩n ,muy buena atenci칩n,felicitaci칩n,0.7155035840829116,Gesti칩n Escolar,setfit
"QUIERO FELICITAR A YADHIRA DE GESTION ESCOLAT AUE EL DIA DE HOY ME ATENDIO EN LA VENTANILLA Y FUE MUY AMABLE Y ATENTA, ME SOLUCIONO MI SOLICITUD CON UNA EXCELENTE ACTITUD. ENHORABUENA, DESEO QUE LOS DEMAS ADMINISTRATIVOS ME ATENDIESEN COMO ELLA LO HIZO",quiero felicitar a yadhira de gestion escolat aue el dia de hoy me atendio en la ventanilla y fue muy amable y atenta me soluciono mi solicitud con una excelente actitud enhorabuena deseo que los demas administrativos me atendiesen como ella lo hizo,felicitaci칩n,0.416293499478632,Direcci칩n,setfit
"Mucha paciencia y atenci칩n incre칤ble por su parte, qued칩 muy agradecido con el Maestro Efr칠n!",mucha paciencia y atenci칩n incre칤ble por su parte qued칩 muy agradecido con el maestro efr칠n,felicitaci칩n,0.5536900242462613,Subdirecci칩n Acad칠mica,keywords
Muy buen trato ,muy buen trato,felicitaci칩n,0.7169717711783863,Recursos Financieros,setfit
"Ninguna, muchas gracias ",ninguna muchas gracias,felicitaci칩n,0.5060046282151854,Coordinaci칩n de Enlace y Gesti칩n T칠cnica,setfit
Mosso es bastante atento,mosso es bastante atento,felicitaci칩n,0.5205447629820145,Innovaci칩n Educativa,setfit
Todo muy bien ,todo muy bien,felicitaci칩n,0.6964276169062765,Coordinaci칩n de Enlace y Gesti칩n T칠cnica,setfit
Me gustar칤a felicitarlos por ese gran chango,me gustar칤a felicitarlos por ese gran chango,felicitaci칩n,0.5521058544946418,Recursos Financieros,setfit
Felicitaci칩n por la facilitaci칩n del proceso y eficiencia,felicitaci칩n por la facilitaci칩n del proceso y eficiencia,felicitaci칩n,0.5921461306898377,Unidad Polit칠cnica de Integraci칩n Social,setfit
Servicio r치pido y atento,servicio r치pido y atento,felicitaci칩n,0.6154311510174459,Unidad de Inform치tica,setfit
Se deben incorporar m치s materias a las clases virtuales,se deben incorporar m치s materias a las clases virtuales,sugerencia,0.47960180263307417,Tecnolog칤a Educativa y Campus Virtual,setfit
Felicitacion buena informaci칩n ,felicitacion buena informaci칩n,felicitaci칩n,0.621133897643329,Coordinaci칩n de Enlace y Gesti칩n T칠cnica,setfit
Muy buen trabajo,muy buen trabajo,felicitaci칩n,0.7237077198440314,Gesti칩n Escolar,setfit
Poner cortinas en otros salones,poner cortinas en otros salones,sugerencia,0.5027265702642586,Recursos Materiales y Servicios Generales,setfit
El cambio de salones que hicieron est치 horrible ,el cambio de salones que hicieron est치 horrible,sugerencia,0.5971822787179436,Recursos Materiales y Servicios Generales,setfit
Pienso que est치 muy bien el dise침o de programas,pienso que est치 muy bien el dise침o de programas,felicitaci칩n,0.5450060728100994,Tecnolog칤a Educativa y Campus Virtual,setfit
Buena actividad para integrar al grupo y los equipos.,buena actividad para integrar al grupo y los equipos,felicitaci칩n,0.4452825278082774,Actividades Culturales y/o Deportivas,setfit
Simplemente una felicitaci칩n ,simplemente una felicitaci칩n,felicitaci칩n,0.5704559335776838,Direcci칩n,setfit
La distribuci칩n de salones de este semestre es confusa,la distribuci칩n de salones de este semestre es confusa,sugerencia,0.6351763261491586,Recursos Materiales y Servicios Generales,setfit
Que no sea al aire libre,que no sea al aire libre,sugerencia,0.5423475395088634,Recursos Materiales y Servicios Generales,setfit
Buena opci칩n la de juntar a las carreras pasa que se puede convivir con todos ,buena opci칩n la de juntar a las carreras pasa que se puede convivir con todos,sugerencia,0.472000249011336,Actividades Culturales y/o Deportivas,setfit
"Muy mal cambio, innecesario andar buscando salones en otros edificios y movi칠ndose de pisos ",muy mal cambio innecesario andar buscando salones en otros edificios y movi칠ndose de pisos,queja,0.39262071319611197,Recursos Materiales y Servicios Generales,setfit
"Me gust칩 la actividad, pero no me gust칩 que los grupos de otras carreras est칠n combinados ",me gust칩 la actividad pero no me gust칩 que los grupos de otras carreras est칠n combinados,sugerencia,0.5535986598582213,Actividades Culturales y/o Deportivas,setfit
Muy buena actividad integradora me gust칩 la din치mica ,muy buena actividad integradora me gust칩 la din치mica,felicitaci칩n,0.4913154384067269,Unidad Polit칠cnica de Integraci칩n Social,setfit
Estuvo padre la actividad ,estuvo padre la actividad,felicitaci칩n,0.39768746185663584,Innovaci칩n Educativa,setfit
"Felicidades por una actividad movida, me obligo a hablar con alguien",felicidades por una actividad movida me obligo a hablar con alguien,felicitaci칩n,0.6146538051575067,Innovaci칩n Educativa,setfit
Las instalaciones est치n muy bien cuidadas,las instalaciones est치n muy bien cuidadas,felicitaci칩n,0.5638204870200235,Subdirecci칩n Administrativa,keywords
"El proceso fue llevado a cabo de manera pr치ctica y eficiente. La descripci칩n del taller por parte de la profesora Elsa fue muy clara, en general ya hecho un excelente trabajo desde que se le asign칩 la jefatura de formaci칩n b치sica ",el proceso fue llevado a cabo de manera pr치ctica y eficiente la descripci칩n del taller por parte de la profesora elsa fue muy clara en general ya hecho un excelente trabajo desde que se le asign칩 la jefatura de formaci칩n b치sica,queja,0.3952746432536105,Innovaci칩n Educativa,setfit
Hay algunos contactos de luz en el edificio de IA que no sirven o que tienen falso contacto ,hay algunos contactos de luz en el edificio de ia que no sirven o que tienen falso contacto,sugerencia,0.6168129483868322,Subdirecci칩n Administrativa,keywords
Muy buena la administraci칩n ,muy buena la administraci칩n,felicitaci칩n,0.5601724399539527,Direcci칩n,setfit
Mejorar los servicios de internet sobre todo en los salones de abajo ,mejorar los servicios de internet sobre todo en los salones de abajo,sugerencia,0.6055497200081649,Unidad de Inform치tica,keywords
Pongan m치s cupos para los regulares,pongan m치s cupos para los regulares,sugerencia,0.47092824508651465,Gesti칩n Escolar,setfit
Errores masivos para inscripci칩n ,errores masivos para inscripci칩n,queja,0.44112338484532765,Gesti칩n Escolar,keywords
Consultoria mejor guiada a los estudiantes para ser participe en las elecciones escolares ,consultoria mejor guiada a los estudiantes para ser participe en las elecciones escolares,sugerencia,0.5250924505550161,Evaluaci칩n y Seguimiento Acad칠mico,setfit
Una felicitaci칩n a la profesora por incentivar el uso de las herramientas que proporciona la instituci칩n. ,una felicitaci칩n a la profesora por incentivar el uso de las herramientas que proporciona la instituci칩n,felicitaci칩n,0.5555427421999442,Innovaci칩n Educativa,setfit
Mi felicitacion es al profesor mosso que cuando tuve problemas con mi papeleo en el cambio de carrera me ayudo a completar este procedimiento.,mi felicitacion es al profesor mosso que cuando tuve problemas con mi papeleo en el cambio de carrera me ayudo a completar este procedimiento,sugerencia,0.5185889398145737,Subdirecci칩n Acad칠mica,keywords
Buena actitud y disponibilidad todas las veces que he ido.,buena actitud y disponibilidad todas las veces que he ido,felicitaci칩n,0.5669724496815404,Unidad de Inform치tica,setfit
"Buena actitud, siempre tienen buena actitud ",buena actitud siempre tienen buena actitud,felicitaci칩n,0.6047800191994641,Evaluaci칩n y Seguimiento Acad칠mico,setfit
Hay problemas de horario al momento de la reinscripci칩n,hay problemas de horario al momento de la reinscripci칩n,sugerencia,0.5496443622853971,Subdirecci칩n Acad칠mica,keywords
"No funciona nada bien el WiFi de las palapas de IA, urge lo reparen ya que se ocupa para hacer tareas, trabajos y dem치s en clases libres ademas que cuando estamos en clases en el edificio 4 no hay internet, no es posible que siendo una de las mejores escuelas de c칩mputo no tengamos acceso a internet es esa zona que es para trabajar.",no funciona nada bien el wifi de las palapas de ia urge lo reparen ya que se ocupa para hacer tareas trabajos y dem치s en clases libres ademas que cuando estamos en clases en el edificio 4 no hay internet no es posible que siendo una de las mejores escuelas de c칩mputo no tengamos acceso a internet es esa zona que es para trabajar,queja,0.5822997162125726,Unidad de Inform치tica,keywords
Finaliz칩 el semestre y no hab칤an realizado la dispersi칩n de fondos ,finaliz칩 el semestre y no hab칤an realizado la dispersi칩n de fondos,sugerencia,0.5830780195809327,Recursos Financieros,setfit
"Queja sobre las cafeter칤as que no ofrecen buenos productos ni alimentos, por lo que muchos optan por comida fuera m치s costosa, me gustar칤a que se pudiera armar como en otras escuelas un comedor comunitario? No s칠 si sea el nombre pero para que tengan buena comida y a precio accesible 칰nicamente para estudiantes o que se de un descuento por estudiante ",queja sobre las cafeter칤as que no ofrecen buenos productos ni alimentos por lo que muchos optan por comida fuera m치s costosa me gustar칤a que se pudiera armar como en otras escuelas un comedor comunitario no s칠 si sea el nombre pero para que tengan buena comida y a precio accesible 칰nicamente para estudiantes o que se de un descuento por estudiante,queja,0.5713574066435202,Subdirecci칩n Administrativa,keywords
"Siento que ser칤a buena idea que dejaran inscribir materias del semestre en el que est치s, es dexir aunque estes cursando materias dejaran 5to te dejaran meter de 8vo si ese es tu semestre (pero solo cuando sea una materia del semestre m치s bajo) ",siento que ser칤a buena idea que dejaran inscribir materias del semestre en el que est치s es dexir aunque estes cursando materias dejaran 5to te dejaran meter de 8vo si ese es tu semestre pero solo cuando sea una materia del semestre m치s bajo,sugerencia,0.5895873007010864,Subdirecci칩n Acad칠mica,keywords
"Muchos de mis compa침eros luego se quedan sin grupo a pesar de que tienen un promedio arriba de 8, porque se acaban muy rapido los pocos lugares, m치s en la ma침ana ya que hay ciertos compa침eros que no tienen la posibilidad de ir en la tarde por sus trabajos.

Tambi칠n siempre que nos reinscribimos aparecen varios profesor como ""sin asignar"" al momento de hacer nuestro horario.",muchos de mis compa침eros luego se quedan sin grupo a pesar de que tienen un promedio arriba de 8 porque se acaban muy rapido los pocos lugares m치s en la ma침ana ya que hay ciertos compa침eros que no tienen la posibilidad de ir en la tarde por sus trabajos tambi칠n siempre que nos reinscribimos aparecen varios profesor como sin asignar al momento de hacer nuestro horario,sugerencia,0.4812900484389009,Subdirecci칩n Acad칠mica,keywords
Dispersi칩n de apoyo extraordinario despues del terminal el ciclo escolar,dispersi칩n de apoyo extraordinario despues del terminal el ciclo escolar,sugerencia,0.5574329175082957,Tecnolog칤a Educativa y Campus Virtual,setfit
"Espec칤ficamente en el edificio de IA la red de internet es muy deficiente, muchas veces hemos tenido la necesidad de este y no nos es posible.",espec칤ficamente en el edificio de ia la red de internet es muy deficiente muchas veces hemos tenido la necesidad de este y no nos es posible,sugerencia,0.4729373148438789,Unidad de Inform치tica,keywords
"El servicio de internet es intermitente, no es constante y en ocasiones no funciona como deber칤a ",el servicio de internet es intermitente no es constante y en ocasiones no funciona como deber칤a,sugerencia,0.4794860350011413,Unidad de Inform치tica,keywords
"Ped칤 constancia de estudios y de inscripci칩n, y no me deja bajarlas del Saes ",ped칤 constancia de estudios y de inscripci칩n y no me deja bajarlas del saes,sugerencia,0.5332614596323989,Gesti칩n Escolar,keywords
Facilitar la informaci칩n sobre qu칠 cub칤culos est치n asignados y a qu칠 profesor pertenece cada cub칤culo,facilitar la informaci칩n sobre qu칠 cub칤culos est치n asignados y a qu칠 profesor pertenece cada cub칤culo,sugerencia,0.4449954152547025,Subdirecci칩n Acad칠mica,keywords
Deber칤an de verificar el sistema de citas ya que tuve un problema con mi reinscripci칩n y no perd칤 cupo en una materia ,deber칤an de verificar el sistema de citas ya que tuve un problema con mi reinscripci칩n y no perd칤 cupo en una materia,queja,0.5162470568872437,Unidad de Inform치tica,keywords
"No parece haber un inter칠s en las encuestas, se sabe de profesores que no ense침an bien o que de plano no ense침an y pese a las m칰ltiples encuestas, la escuela sigue asign치ndoles muchos grupos. ",no parece haber un inter칠s en las encuestas se sabe de profesores que no ense침an bien o que de plano no ense침an y pese a las m칰ltiples encuestas la escuela sigue asign치ndoles muchos grupos,queja,0.6000827510265102,Evaluaci칩n y Seguimiento Acad칠mico,setfit
"Fue muy r치pido el proceso y fue amable la persona que me atendi칩, incluso me ayud칩 ya que no ten칤a tanto tiempo para entregar el FUA",fue muy r치pido el proceso y fue amable la persona que me atendi칩 incluso me ayud칩 ya que no ten칤a tanto tiempo para entregar el fua,queja,0.4920129162955762,Extensi칩n y Apoyos Educativos,setfit
El que me atendi칩 en gesti칩n escolar se port칩 de manera grosera e incompetente tomando como prioridad su superioridad,el que me atendi칩 en gesti칩n escolar se port칩 de manera grosera e incompetente tomando como prioridad su superioridad,queja,0.48630498543601713,Evaluaci칩n y Seguimiento Acad칠mico,setfit
deben de haber m치s grupos y opciones para ia y lcd,deben de haber m치s grupos y opciones para ia y lcd,queja,0.4859858506965633,Innovaci칩n Educativa,setfit
"Me gustar칤a sugerir que ya que el Poli tiene contratado un buen internet, pero le cuesta servirlo a la comunidad de manea eficiente. He observado que una de las maneras m치s pr치cticas es distribuirlo de manera m치s uniforme, es decir, tener m치s m칩dems a los que conectarnos, esto evita la saturaci칩n y mejora la calidad en horas pico. Lo ideal ser칤a uno por sal칩n con WiFi 6, pero ya depender칤a del presupuesto. Realmente el problema es que no de puede usar cuando se necesita, cuando hay muchos conectados y no se puede gestionar tantas peticiones a la vez, e incluso la cobertura falla en algunos salones de IA del 1er piso. Siento que si no se puede cambiar el sistema a uno como la UNAM por lo menos se puede resolver as칤.",me gustar칤a sugerir que ya que el poli tiene contratado un buen internet pero le cuesta servirlo a la comunidad de manea eficiente he observado que una de las maneras m치s pr치cticas es distribuirlo de manera m치s uniforme es decir tener m치s m칩dems a los que conectarnos esto evita la saturaci칩n y mejora la calidad en horas pico lo ideal ser칤a uno por sal칩n con wifi 6 pero ya depender칤a del presupuesto realmente el problema es que no de puede usar cuando se necesita cuando hay muchos conectados y no se puede gestionar tantas peticiones a la vez e incluso la cobertura falla en algunos salones de ia del 1er piso siento que si no se puede cambiar el sistema a uno como la unam por lo menos se puede resolver as칤,sugerencia,0.4968790335565183,Unidad de Inform치tica,keywords
"Buen servicio, muy amables.",buen servicio muy amables,felicitaci칩n,0.7154040056810704,Recursos Financieros,setfit
Buen servicio sin problemas,buen servicio sin problemas,felicitaci칩n,0.6522395507103349,Recursos Financieros,setfit
"Buena actitud, equipo funcional y r치pido ",buena actitud equipo funcional y r치pido,felicitaci칩n,0.7213020278970348,Formaci칩n B치sica,setfit
Utilizar la plataforma de Microsoft 365 en lugar de Google.,utilizar la plataforma de microsoft 365 en lugar de google,sugerencia,0.5004962602745283,Unidad de Inform치tica,keywords
"Al ingresar al SISMI para obtener mis p칩lizas y mi carta renuncia, al poner buscar, me aparece que no se encuentran resultados, llevo mas de 2 semanas asi ",al ingresar al sismi para obtener mis p칩lizas y mi carta renuncia al poner buscar me aparece que no se encuentran resultados llevo mas de 2 semanas asi,queja,0.5787637501843101,Gesti칩n Escolar,setfit
"Por medio de la presente quiero manifestar mi inconformidad respecto al servicio de casilleros que se ofrece en la escuela. Recientemente se aument칩 el costo en 50 pesos de manera repentina y sin justificaci칩n alguna, lo cual resulta injusto para los estudiantes, ya que no se brind칩 explicaci칩n clara ni se notific칩 con anticipaci칩n.

Adem치s del incremento de precio, el servicio de entrega de casilleros es deficiente. El proceso resulta desorganizado, lento y poco eficiente, generando molestias innecesarias para quienes cumplimos puntualmente con el pago.

Considero que como alumnos merecemos un trato justo y transparente. Lo m칤nimo que se deber칤a garantizar es una explicaci칩n clara sobre los aumentos en el costo y una mejora real en la atenci칩n y organizaci칩n al momento de asignar y entregar los casilleros.

Solicito atentamente que se revise esta situaci칩n, se brinde una respuesta sobre el aumento aplicado y se tomen las medidas necesarias para mejorar el servicio.

Atentamente,
An칩nimo ",por medio de la presente quiero manifestar mi inconformidad respecto al servicio de casilleros que se ofrece en la escuela recientemente se aument칩 el costo en 50 pesos de manera repentina y sin justificaci칩n alguna lo cual resulta injusto para los estudiantes ya que no se brind칩 explicaci칩n clara ni se notific칩 con anticipaci칩n adem치s del incremento de precio el servicio de entrega de casilleros es deficiente el proceso resulta desorganizado lento y poco eficiente generando molestias innecesarias para quienes cumplimos puntualmente con el pago considero que como alumnos merecemos un trato justo y transparente lo m칤nimo que se deber칤a garantizar es una explicaci칩n clara sobre los aumentos en el costo y una mejora real en la atenci칩n y organizaci칩n al momento de asignar y entregar los casilleros solicito atentamente que se revise esta situaci칩n se brinde una respuesta sobre el aumento aplicado y se tomen las medidas necesarias para mejorar el servicio atentamente an칩nimo,queja,0.6389018839361597,Servicios Estudiantiles,setfit
"El acceso fue incre칤blemente tardado, su plataforma no registra. La salida fue a칰n peor: no hab칤a nadie (esencialmente ten칤an mi credencial sin manera de que la recuperara). Cuando volv칤, otra vez fue lent칤simo el proceso y me obligaron a llenar esta encuesta que no deber칤a ser obligatoria",el acceso fue incre칤blemente tardado su plataforma no registra la salida fue a칰n peor no hab칤a nadie esencialmente ten칤an mi credencial sin manera de que la recuperara cuando volv칤 otra vez fue lent칤simo el proceso y me obligaron a llenar esta encuesta que no deber칤a ser obligatoria,queja,0.6667646267238612,Unidad de Inform치tica,keywords
"Muy buen servicio, son comprometidos a cuidar el aula de uso libre y hay una muy buena administraci칩n por parte de los encargados ",muy buen servicio son comprometidos a cuidar el aula de uso libre y hay una muy buena administraci칩n por parte de los encargados,felicitaci칩n,0.6809692250022888,Gesti칩n Escolar,setfit
"Solo que hacen falta algunas herramientas de programaci칩n, como compiladores apropiados",solo que hacen falta algunas herramientas de programaci칩n como compiladores apropiados,felicitaci칩n,0.44363145483608524,Unidad de Inform치tica,setfit
"Mesa de la computadora 1 y 2, est치 muy floja, se puede caer...",mesa de la computadora 1 y 2 est치 muy floja se puede caer,sugerencia,0.4935504506091666,Unidad de Inform치tica,keywords
Muy buen servicio por parte de los chicos de servicio social,muy buen servicio por parte de los chicos de servicio social,felicitaci칩n,0.5725797966308152,Gesti칩n Escolar,keywords
Un poco lento el login ,un poco lento el login,felicitaci칩n,0.6343060865351137,Tecnolog칤a Educativa y Campus Virtual,setfit
La m치quina funcion칩 bien ,la m치quina funcion칩 bien,felicitaci칩n,0.6496622792959014,Unidad de Inform치tica,setfit
La m치quina funciona bien ,la m치quina funciona bien,felicitaci칩n,0.5934614526011848,Unidad de Inform치tica,setfit
muy buena atenci칩n ,muy buena atenci칩n,felicitaci칩n,0.7155035840829116,Gesti칩n Escolar,setfit
"muy buen servicio, el espacio estuvo limpio y todas las computadoras funcionaban bien",muy buen servicio el espacio estuvo limpio y todas las computadoras funcionaban bien,felicitaci칩n,0.774023853435811,Unidad de Inform치tica,setfit
"Todo bien, est치n bien cuidadas las instalaciones ",todo bien est치n bien cuidadas las instalaciones,felicitaci칩n,0.6085124112403809,Subdirecci칩n Administrativa,keywords
Buen servicio y atenci칩n ,buen servicio y atenci칩n,felicitaci칩n,0.7005607064072806,Evaluaci칩n y Seguimiento Acad칠mico,setfit
Me atendieron muy r치pido ,me atendieron muy r치pido,felicitaci칩n,0.6929940569780458,Innovaci칩n Educativa,setfit
"Buena velocidad, un poco lento el internet ",buena velocidad un poco lento el internet,felicitaci칩n,0.6609212556443562,Unidad de Inform치tica,keywords
Me atendieron bien ,me atendieron bien,felicitaci칩n,0.6753027135923624,Innovaci칩n Educativa,setfit
las computadoras del LCD01 se reinician con pantalla azul frecuentemente,las computadoras del lcd01 se reinician con pantalla azul frecuentemente,queja,0.6036365031352208,Unidad de Inform치tica,setfit
Las m치quinas no cuentan con Linux y se va a cada rato el internet ,las m치quinas no cuentan con linux y se va a cada rato el internet,queja,0.5639527088406285,Unidad de Inform치tica,keywords
Excelente servicio si no cuentas con una PC,excelente servicio si no cuentas con una pc,sugerencia,0.4316954889479095,Unidad de Inform치tica,setfit
Muy buena atenci칩n y resuelve todas tus dudas amablemente. ,muy buena atenci칩n y resuelve todas tus dudas amablemente,felicitaci칩n,0.7159681296459401,Direcci칩n,setfit
El profesor es realmente amable y busco apoyarme en todo aspecto,el profesor es realmente amable y busco apoyarme en todo aspecto,felicitaci칩n,0.5008262894554263,Subdirecci칩n Acad칠mica,keywords
"Muy r치pido el proceso, y f치cil",muy r치pido el proceso y f치cil,felicitaci칩n,0.5808161679740279,Innovaci칩n Educativa,setfit
